{
  "date": "2021-04-09T14:11:38.111Z",
  "title": "O problema das dietas Extremistas",
  "meta_title": "O problema das dietas Extremistas - Nutricionista Marcos Roiz | Jamal Suplementos",
  "body": "![](/img/uploads/o-problema-das-dietas-extremistas-marcos-roiz.png)\n\nMuitas pessoas acham que perder muito peso de maneira muito rápida é algo bom, e ainda acham que essa perda seria na maior parte gordura. É incoerente, total desentendimento da fisiologia e um erro grosseiro.\n\nO organismo tem uma limitação para queimar gordura, e isso pode variar de pessoa para pessoa, do metabolismo, restrição calórica, perfil da dieta, percentual de gordura do paciente. Maiores perdas de peso ocorrem mais facilmente apenas nas primeiras semanas, já que a restrição calórica tende a reduzir a taxa metabólica com o tempo. Importante dizer que parte desse peso perdido será água e até mesmo massa muscular, e não apenas gordura. Quem perde de 2-4 kg em uma semana e acha que isso é gordura está totalmente equivocado.\n\nCarboidratos e a insulina são importantes não só na manutenção dos estoques de gordura (efeito poupador de gordura), como também na manutenção da massa muscular (efeito poupador de proteína). Isso significa obviamente que uma grande restrição de carboidratos da dieta levará a uma grande perda de peso, em parte água pelos baixos níveis de glicogênio muscular (pois 1g de glicogênio armazena 3-4g de água), em parte gordura pela restrição calórica e restrição de carboidratos e baixos níveis de insulina. Acontece que uma grande restrição de carboidratos também levará a uma maior degradação de proteínas, já que o corpo irá catabolizar proteínas para usar uma parte dos aminoácidos como glicose (gliconeogênese) e uma parte como energia (com os esqueletos de carbono dos aminoácidos sendo usados como intermediários no ciclo do ácido tricarboxílico). Fica claro que uma grande restrição de carboidratos exige uma compensação de proteínas e atenua o catabolismo da massa muscular.\n\nResultado sólido depende de consistência e paciência. Dietas extremistas vão desregularizar totalmente os sistemas e mecanismos do corpo que controlam a perda de peso e de gordura, e isso se tornará cada vez mais difícil, ainda com o risco de comprometer funções tireoidianas e hormonais. Além de que com muitas restrições, ficará falho a ingestão mínima dos nutrientes que seu organismo precisa pra se manter saudável, e sem saúde, a estética não virá. É totalmente improvável a manutenção do resultado a longo prazo devido aos mecanismos de adaptação do organismo, o efeito rebote pode ser o reganho se peso ainda com juros. Cuidado com essas dietas que te preveem os resultados fantasiosos. \n\n**Marcos Roiz** \\\n*Nutricionista*",
  "description": "Qual o risco em se fazer uma dieta extremista? Leia e Descubra agora.",
  "meta_description": "Qual o risco em se fazer uma dieta extremista?  Texto do Nutricionista Marcos Roiz. Leia e Descubra agora.",
  "thumbnail": "/img/uploads/o-problema-das-dietas-extremistas-marcos-roiz.png"
}